residue	chain	position	aa	primary_feature	cluster	conservation	cons_tier	composite	x	y	z
NSP12-TYR903	NSP12	903	TYR	anchor	0	1.0		0.4633	196.85	194.944	157.632
NSP12-MET902	NSP12	902	MET	hydrophobic	0	1.0		1.0	197.429	191.348	158.727
NSP13-TYR93	NSP13	93	TYR	aromatic	0	1.0		0.942	199.707	190.53	155.014
NSP12-ASP901	NSP12	901	ASP	charged_neg	0	1.0		0.7244	200.946	192.356	159.828
NSP13-LEU92	NSP13	92	LEU	hydrophobic	0	1.0		0.6083	196.138	191.236	153.847
NSP12-SER904	NSP12	904	SER	hbond_donor	0	1.0		0.5357	199.244	197.773	157.614
NSP13-LYS94	NSP13	94	LYS	charged_pos	0	1.0		0.4487	200.938	193.25	152.706
NSP12-LEU900	NSP12	900	LEU	hydrophobic	0	1.0		0.3616	199.733	195.179	162.043
NSP13-PHE90	NSP13	90	PHE	aromatic	0	1.0		0.3181	196.85	195.944	148.729
NSP13-GLY91	NSP13	91	GLY	hydrophobic	0	1.0		0.3181	195.665	192.796	150.464
NSP13-ASN95	NSP13	95	ASN	hbond_donor	0	0.8		0.5766	204.37	193.883	154.163
NSP13-THR96	NSP13	96	THR	hbond_donor	0	0.4		0.2376	205.244	190.249	154.935
