residue	chain	position	aa	primary_feature	conservation	cons_tier	composite	e1_cluster0	e2_nsp8	e3_cons_high	e4_composite	e5_identical	e6_druggable	evidence_score	decision
NSP8-PHE92	NSP8	92	PHE	anchor	0.8		0.8999	1	1	1	1	0	1	5	ANCHOR
NSP8-LEU98	NSP8	98	LEU	hydrophobic	1.0		0.9168	1	1	1	1	1	1	6	INCLUDE
NSP8-MET94	NSP8	94	MET	hydrophobic	1.0		0.7505	1	1	1	1	1	1	6	INCLUDE
NSP8-ARG111	NSP8	111	ARG	charged_pos	1.0		0.7377	1	1	1	1	1	1	6	INCLUDE
NSP7-SER57	NSP7	57	SER	hbond_donor	1.0		0.8144	1	0	1	1	1	1	5	INCLUDE
NSP8-PRO116	NSP8	116	PRO	hydrophobic	0.8		0.7078	1	1	1	1	0	1	5	INCLUDE
NSP8-ARG80	NSP8	80	ARG	charged_pos	1.0		0.4561	1	1	1	0	1	1	5	SECONDARY
NSP8-VAL115	NSP8	115	VAL	hydrophobic	1.0		0.4433	1	1	1	0	1	1	5	SECONDARY
NSP8-ARG96	NSP8	96	ARG	charged_pos	0.6		1.0	1	1	0	1	0	1	4	INCLUDE
NSP8-GLN88	NSP8	88	GLN	hbond_donor	0.6		0.7293	1	1	0	1	0	1	4	INCLUDE
NSP8-ILE119	NSP8	119	ILE	hydrophobic	0.6		0.6141	1	1	0	1	0	1	4	INCLUDE
NSP7-ASP5	NSP7	5	ASP	charged_neg	1.0		0.4817	1	0	1	0	1	1	4	SECONDARY
NSP7-CYS8	NSP7	8	CYS	hbond_donor	1.0		0.4433	1	0	1	0	1	1	4	SECONDARY
NSP7-MET75	NSP7	75	MET	hydrophobic	0.75		0.9256	1	0	0	1	0	1	3	INCLUDE
NSP7-LEU71	NSP7	71	LEU	hydrophobic	0.6		0.7165	1	0	0	1	0	1	3	INCLUDE
NSP7-PHE49	NSP7	49	PHE	aromatic	0.6		0.6909	1	0	0	1	0	1	3	INCLUDE
NSP7-SER54	NSP7	54	SER	hbond_donor	0.6		0.6909	1	0	0	1	0	1	3	INCLUDE
NSP7-THR9	NSP7	9	THR	hbond_donor	0.75		0.6781	1	0	0	1	0	1	3	INCLUDE
NSP7-LEU60	NSP7	60	LEU	hydrophobic	0.6		0.6269	1	0	0	1	0	1	3	INCLUDE
NSP7-ARG79	NSP7	79	ARG	charged_pos	0.75		0.6268	1	0	0	1	0	1	3	INCLUDE
NSP8-LEU122	NSP8	122	LEU	hydrophobic	0.6		0.5885	1	1	0	0	0	1	3	SECONDARY
NSP8-MET87	NSP8	87	MET	hydrophobic	0.6		0.5757	1	1	0	0	0	1	3	SECONDARY
NSP7-LEU56	NSP7	56	LEU	hydrophobic	0.8		0.5543	1	0	1	0	0	1	3	SECONDARY
NSP8-LEU103	NSP8	103	LEU	hydrophobic	0.6		0.5501	1	1	0	0	0	1	3	SECONDARY
NSP8-ASN100	NSP8	100	ASN	hbond_donor	0.6		0.5245	1	1	0	0	0	1	3	SECONDARY
NSP8-ILE106	NSP8	106	ILE	hydrophobic	0.6		0.499	1	1	0	0	0	1	3	SECONDARY
NSP7-GLU50	NSP7	50	GLU	charged_neg	0.8		0.4647	1	0	1	0	0	1	3	SECONDARY
NSP8-THR84	NSP8	84	THR	hbond_donor	0.6		0.4477	1	1	0	0	0	1	3	SECONDARY
NSP7-VAL12	NSP7	12	VAL	hydrophobic	0.75		0.5244	1	0	0	0	0	1	2	SECONDARY
NSP7-LEU13	NSP7	13	LEU	hydrophobic	0.75		0.4349	1	0	0	0	0	1	2	SECONDARY
NSP7-LYS2	NSP7	2	LYS	charged_pos	0.75		0.4093	1	0	0	0	0	1	2	SECONDARY
NSP8-PRO121	NSP8	121	PRO	hydrophobic	1.0		0.3793	1	1	1	0	1	1	5	SECONDARY
NSP8-ARG190	NSP8	190	ARG	charged_pos	1.0		0.3665	1	1	1	0	1	1	5	SECONDARY
NSP8-SER85	NSP8	85	SER	hbond_donor	1.0		0.3538	1	1	1	0	1	1	5	SECONDARY
NSP8-ALA150	NSP8	150	ALA	hydrophobic	1.0		0.3538	1	1	1	0	1	1	5	SECONDARY
NSP8-ILE120	NSP8	120	ILE	hydrophobic	0.4		0.6611	1	1	0	1	0	1	4	SECONDARY
NSP7-GLU74	NSP7	74	GLU	charged_neg	1.0		0.3922	1	0	1	0	1	1	4	SECONDARY
NSP8-ILE107	NSP8	107	ILE	hydrophobic	0.8		0.388	1	1	1	0	0	1	4	SECONDARY
NSP8-MET90	NSP8	90	MET	hydrophobic	0.8		0.324	1	1	1	0	0	1	4	SECONDARY
NSP7-GLN19	NSP7	19	GLN	hbond_donor	0.5		0.6952	1	0	0	1	0	1	3	SECONDARY
NSP8-LEU91	NSP8	91	LEU	hydrophobic	0.4		0.5588	1	1	0	0	0	1	3	SECONDARY
NSP8-ALA110	NSP8	110	ALA	hydrophobic	0.6		0.3965	1	1	0	0	0	1	3	SECONDARY
NSP7-GLN31	NSP7	31	GLN	hbond_donor	0.8		0.3495	1	0	1	0	0	1	3	SECONDARY
NSP8-LEU95	NSP8	95	LEU	hydrophobic	0.4		0.3156	1	1	0	0	0	1	3	SECONDARY
NSP7-LEU28	NSP7	28	LEU	hydrophobic	0.8		0.2983	1	0	1	0	0	1	3	EXCLUDE
NSP8-ALA102	NSP8	102	ALA	hydrophobic	0.6		0.2941	1	1	0	0	0	1	3	EXCLUDE
NSP8-LEU117	NSP8	117	LEU	hydrophobic	0.6		0.2941	1	1	0	0	0	1	3	EXCLUDE
NSP8-ASN118	NSP8	118	ASN	hbond_donor	0.6		0.2941	1	1	0	0	0	1	3	EXCLUDE
NSP8-THR93	NSP8	93	THR	hbond_donor	0.4		0.2772	1	1	0	0	0	1	3	EXCLUDE
NSP8-VAL83	NSP8	83	VAL	hydrophobic	0.6		0.2685	1	1	0	0	0	1	3	EXCLUDE
NSP8-THR89	NSP8	89	THR	hbond_donor	0.4		0.2643	1	1	0	0	0	1	3	EXCLUDE
NSP8-VAL131	NSP8	131	VAL	hydrophobic	0.667		0.2402	1	1	0	0	0	1	3	EXCLUDE
NSP8-ASP99	NSP8	99	ASP	charged_neg	0.4		0.1748	1	1	0	0	0	1	3	EXCLUDE
NSP8-ASP112	NSP8	112	ASP	charged_neg	0.4		0.1492	1	1	0	0	0	1	3	EXCLUDE
NSP7-VAL53	NSP7	53	VAL	hydrophobic	0.4		0.5588	1	0	0	0	0	1	2	SECONDARY
NSP7-ILE68	NSP7	68	ILE	hydrophobic	0.4		0.4691	1	0	0	0	0	1	2	SECONDARY
NSP7-SER61	NSP7	61	SER	hbond_donor	0.4		0.4435	1	0	0	0	0	1	2	SECONDARY
NSP7-ASN69	NSP7	69	ASN	hbond_donor	0.4		0.4051	1	0	0	0	0	1	2	SECONDARY
NSP7-VAL16	NSP7	16	VAL	hydrophobic	0.5		0.4008	1	0	0	0	0	1	2	SECONDARY
NSP7-VAL6	NSP7	6	VAL	hydrophobic	0.75		0.3965	1	0	0	0	0	1	2	SECONDARY
NSP7-SER15	NSP7	15	SER	hbond_donor	0.75		0.3325	1	0	0	0	0	1	2	SECONDARY
NSP7-VAL66	NSP7	66	VAL	hydrophobic	0.4		0.3283	1	0	0	0	0	1	2	SECONDARY
NSP7-LEU76	NSP7	76	LEU	hydrophobic	0.25		0.3156	1	0	0	0	0	1	2	EXCLUDE
NSP7-LYS51	NSP7	51	LYS	charged_pos	0.6		0.3069	1	0	0	0	0	1	2	SECONDARY
NSP7-LEU20	NSP7	20	LEU	hydrophobic	0.75		0.2941	1	0	0	0	0	1	2	EXCLUDE
NSP7-ARG21	NSP7	21	ARG	charged_pos	0.75		0.2941	1	0	0	0	0	1	2	EXCLUDE
NSP7-MET52	NSP7	52	MET	hydrophobic	0.4		0.2772	1	0	0	0	0	1	2	EXCLUDE
NSP7-GLN18	NSP7	18	GLN	hbond_donor	0.75		0.2685	1	0	0	0	0	1	2	EXCLUDE
NSP7-GLN63	NSP7	63	GLN	hbond_donor	0.6		0.2558	1	0	0	0	0	1	2	EXCLUDE
NSP7-CYS72	NSP7	72	CYS	hbond_donor	0.4		0.2516	1	0	0	0	0	1	2	EXCLUDE
NSP7-LEU35	NSP7	35	LEU	hydrophobic	0.6		0.2301	1	0	0	0	0	1	2	EXCLUDE
NSP7-VAL58	NSP7	58	VAL	hydrophobic	0.4		0.2132	1	0	0	0	0	1	2	EXCLUDE
NSP7-ASN78	NSP7	78	ASN	hbond_donor	0.5		0.1833	1	0	0	0	0	1	2	EXCLUDE
NSP7-LEU59	NSP7	59	LEU	hydrophobic	0.4		0.1748	1	0	0	0	0	1	2	EXCLUDE
NSP7-ALA65	NSP7	65	ALA	hydrophobic	0.4		0.1748	1	0	0	0	0	1	2	EXCLUDE
