residue	chain	position	aa	primary_feature	conservation	cons_tier	composite	e1_cluster0	e2_nsp12	e3_cons_high	e4_composite	e5_identical	e6_druggable	evidence_score	decision
NSP12-ARG733	NSP12	733	ARG	anchor	1.0		0.8647	1	1	1	1	1	1	6	ANCHOR
NSP12-VAL233	NSP12	233	VAL	hydrophobic	1.0		0.7733	1	1	1	1	1	1	6	INCLUDE
NSP12-ARG735	NSP12	735	ARG	charged_pos	1.0		0.7246	1	1	1	1	1	1	6	INCLUDE
NSP12-ASP221	NSP12	221	ASP	charged_neg	1.0		0.7199	1	1	1	1	1	1	6	INCLUDE
NSP12-ASP291	NSP12	291	ASP	charged_neg	1.0		0.7068	1	1	1	1	1	1	6	INCLUDE
NSP12-SER229	NSP12	229	SER	hbond_donor	1.0		0.6605	1	1	1	1	1	1	6	INCLUDE
NSP9-ASN2	NSP9	2	ASN	hbond_donor	1.0		1.0	1	0	1	1	1	1	5	INCLUDE
NSP9-LEU4	NSP9	4	LEU	hydrophobic	1.0		0.9217	1	0	1	1	1	1	5	INCLUDE
NSP9-ASN96	NSP9	96	ASN	hbond_donor	1.0		0.8481	1	0	1	1	1	1	5	INCLUDE
NSP9-LEU97	NSP9	97	LEU	hydrophobic	1.0		0.8077	1	0	1	1	1	1	5	INCLUDE
NSP9-ASN1	NSP9	1	ASN	hbond_donor	1.0		0.7875	1	0	1	1	1	1	5	INCLUDE
NSP9-ASN95	NSP9	95	ASN	hbond_donor	1.0		0.7543	1	0	1	1	1	1	5	INCLUDE
NSP9-LEU103	NSP9	103	LEU	hydrophobic	1.0		0.7531	1	0	1	1	1	1	5	INCLUDE
NSP9-LEU112	NSP9	112	LEU	hydrophobic	1.0		0.746	1	0	1	1	1	1	5	INCLUDE
NSP12-TYR38	NSP12	38	TYR	aromatic	0.8		0.7192	1	1	1	1	0	1	5	INCLUDE
NSP9-PHE75	NSP9	75	PHE	aromatic	1.0		0.7009	1	0	1	1	1	1	5	INCLUDE
NSP9-GLY100	NSP9	100	GLY	hydrophobic	1.0		0.6772	1	0	1	1	1	1	5	INCLUDE
NSP9-ARG99	NSP9	99	ARG	charged_pos	1.0		0.6712	1	0	1	1	1	1	5	INCLUDE
NSP12-ILE223	NSP12	223	ILE	hydrophobic	0.8		0.6611	1	1	1	1	0	1	5	INCLUDE
NSP9-GLU3	NSP9	3	GLU	charged_neg	0.8		0.7275	1	0	1	1	0	1	4	INCLUDE
NSP12-PRO232	NSP12	232	PRO	hydrophobic	1.0		0.4294	1	1	1	0	1	1	5	SECONDARY
NSP12-TYR728	NSP12	728	TYR	aromatic	1.0		0.415	1	1	1	0	1	1	5	SECONDARY
NSP12-VAL231	NSP12	231	VAL	hydrophobic	0.6		0.696	1	1	0	1	0	1	4	INCLUDE
NSP12-THR225	NSP12	225	THR	hbond_donor	0.6		0.6082	1	1	0	1	0	1	4	INCLUDE
NSP9-GLY104	NSP9	104	GLY	hydrophobic	1.0		0.5444	1	0	1	0	1	1	4	SECONDARY
NSP9-ALA107	NSP9	107	ALA	hydrophobic	1.0		0.4797	1	0	1	0	1	1	4	SECONDARY
NSP9-CYS73	NSP9	73	CYS	hbond_donor	1.0		0.4366	1	0	1	0	1	1	4	SECONDARY
NSP12-ILE37	NSP12	37	ILE	hydrophobic	0.6		0.5904	1	1	0	0	0	1	3	SECONDARY
NSP12-ASP36	NSP12	36	ASP	charged_neg	0.6		0.4962	1	1	0	0	0	1	3	EXCLUDE
NSP12-GLY203	NSP12	203	GLY	hydrophobic	0.6		0.4531	1	1	0	0	0	1	3	EXCLUDE
NSP9-SER5	NSP9	5	SER	hbond_donor	0.6		0.4172	1	0	0	0	0	1	2	EXCLUDE
NSP12-ASP40	NSP12	40	ASP	charged_neg	1.0		0.3862	1	1	1	0	1	1	5	SECONDARY
NSP12-SER236	NSP12	236	SER	hbond_donor	1.0		0.3791	1	1	1	0	1	1	5	SECONDARY
NSP12-VAL234	NSP12	234	VAL	hydrophobic	1.0		0.3647	1	1	1	0	1	1	5	SECONDARY
NSP12-PHE222	NSP12	222	PHE	aromatic	1.0		0.3359	1	1	1	0	1	1	5	SECONDARY
NSP12-TYR732	NSP12	732	TYR	aromatic	1.0		0.3072	1	1	1	0	1	1	5	SECONDARY
NSP9-ARG74	NSP9	74	ARG	charged_pos	1.0		0.3791	1	0	1	0	1	1	4	SECONDARY
NSP9-VAL76	NSP9	76	VAL	hydrophobic	1.0		0.3216	1	0	1	0	1	1	4	SECONDARY
NSP9-PHE90	NSP9	90	PHE	aromatic	1.0		0.3144	1	0	1	0	1	1	4	SECONDARY
NSP9-LEU94	NSP9	94	LEU	hydrophobic	1.0		0.3072	1	0	1	0	1	1	4	SECONDARY
NSP12-PHE35	NSP12	35	PHE	aromatic	0.8		0.2472	1	1	1	0	0	1	4	EXCLUDE
NSP12-THR226	NSP12	226	THR	hbond_donor	0.4		0.585	1	1	0	0	0	1	3	EXCLUDE
NSP12-VAL204	NSP12	204	VAL	hydrophobic	0.4		0.5802	1	1	0	0	0	1	3	EXCLUDE
NSP12-VAL202	NSP12	202	VAL	hydrophobic	0.4		0.5541	1	1	0	0	0	1	3	EXCLUDE
NSP12-ASN39	NSP12	39	ASN	hbond_donor	0.4		0.5078	1	1	0	0	0	1	3	EXCLUDE
NSP12-THR206	NSP12	206	THR	hbond_donor	0.4		0.49	1	1	0	0	0	1	3	EXCLUDE
NSP12-TYR289	NSP12	289	TYR	aromatic	0.6		0.2878	1	1	0	0	0	1	3	EXCLUDE
NSP12-GLN224	NSP12	224	GLN	hbond_donor	0.4		0.1847	1	1	0	0	0	1	3	EXCLUDE
NSP12-GLY230	NSP12	230	GLY	hydrophobic	0.4		0.1487	1	1	0	0	0	1	3	EXCLUDE
NSP12-PRO227	NSP12	227	PRO	hydrophobic	0.2		0.0672	1	1	0	0	0	1	3	EXCLUDE
NSP9-PRO6	NSP9	6	PRO	hydrophobic	0.4		0.3212	1	0	0	0	0	1	2	EXCLUDE
