residue	chain	position	aa	contact_score	partners	n_partners	conservation	composite	is_anchor	ca_x	ca_y	ca_z	primary_feature
NSP15a-ASP40	NSP15a	40	ASP	25	49,91	2	0.75	0.6019	1	-59.763	51.401	-8.947	anchor
NSP15b-THR286	NSP15b	286	THR	55	168,169,170,171,172,173	6	0.75	1.0	0	-58.337	28.484	-36.055	hbond_donor
NSP15a-ALA172	NSP15a	172	ALA	53	241,242,243,244,286,287,288	7	0.75	0.9843	0	-54.031	25.555	-35.232	hydrophobic
NSP15a-GLU171	NSP15a	171	GLU	49	285,286,287	3	0.75	0.9464	0	-57.156	24.19	-36.937	charged_neg
NSP15b-PHE269	NSP15b	269	PHE	39	10,11,14,42,43	5	0.75	0.8028	0	-59.002	41.977	-18.447	aromatic
NSP15b-ARG91	NSP15b	91	ARG	35	39,40,41	3	0.75	0.7454	0	-64.691	52.301	-15.936	charged_pos
NSP15b-THR282	NSP15b	282	THR	30	163,164,166,168	4	0.75	0.6737	0	-58.956	33.617	-28.853	hbond_donor
NSP15b-PHE280	NSP15b	280	PHE	29	14,15,62,64,164	5	0.75	0.6594	0	-56.669	37.813	-23.938	aromatic
NSP15a-VAL41	NSP15a	41	VAL	28	91,270,271,272	4	0.75	0.645	0	-60.233	49.119	-11.962	hydrophobic
NSP15a-GLY14	NSP15a	14	GLY	27	267,269,280,291,292	5	0.75	0.6307	0	-53.857	37.696	-18.312	hydrophobic
NSP15b-THR49	NSP15b	49	THR	26	26,28,33,40	4	0.75	0.6163	0	-66.045	52.068	-5.316	hbond_donor
NSP15a-LEU168	NSP15a	168	LEU	25	282,283,284,286,287	5	0.75	0.6019	0	-64.598	25.64	-32.147	hydrophobic
NSP15a-ASN164	NSP15a	164	ASN	24	280,282,289	3	0.75	0.5876	0	-61.715	30.153	-23.23	hbond_donor
NSP15a-LEU163	NSP15a	163	LEU	21	282,287,289	3	0.75	0.5445	0	-61.221	27.246	-25.658	hydrophobic
NSP15b-GLN285	NSP15b	285	GLN	21	169,171	2	0.75	0.5445	0	-61.73	30.058	-36.805	hbond_donor
NSP15a-VAL11	NSP15a	11	VAL	19	269,270	2	0.75	0.5159	0	-52.936	42.104	-14.681	hydrophobic
NSP15a-VAL39	NSP15a	39	VAL	19	91,95,96,97	4	0.75	0.5159	0	-57.948	54.693	-9.447	hydrophobic
NSP15b-PRO271	NSP15b	271	PRO	18	41,42	2	0.75	0.5015	0	-60.963	47.49	-18.467	hydrophobic
NSP15b-GLY287	NSP15b	287	GLY	18	163,168,171,172,173	5	0.75	0.5015	0	-58.062	28.184	-32.273	hydrophobic
NSP15b-CYS291	NSP15b	291	CYS	18	13,14,15,64	4	0.75	0.5015	0	-52.981	35.501	-23.009	hbond_donor
NSP15a-TYR33	NSP15a	33	TYR	16	47,48,49	3	0.75	0.4729	0	-60.786	45.831	-7.826	aromatic
NSP15b-ALA284	NSP15b	284	ALA	16	166,168	2	0.75	0.4729	0	-62.654	31.282	-33.317	hydrophobic
NSP15a-LYS13	NSP15a	13	LYS	14	291,292	2	0.75	0.4441	0	-50.122	37.605	-17.54	charged_pos
NSP15b-ILE270	NSP15b	270	ILE	14	11,41,43	3	0.75	0.4441	0	-57.829	45.492	-17.542	hydrophobic
NSP15b-MET272	NSP15b	272	MET	14	36,41	2	0.75	0.4441	0	-59.625	51.044	-18.51	hydrophobic
NSP15b-VAL292	NSP15b	292	VAL	14	12,13,14	3	0.75	0.4441	0	-51.434	38.974	-23.347	hydrophobic
NSP15a-ASN12	NSP15a	12	ASN	13	292,346	2	0.75	0.4297	0	-49.502	41.035	-15.971	hbond_donor
NSP15a-VAL166	NSP15a	166	VAL	13	265,282,284	3	0.75	0.4297	0	-65.177	29.645	-27.424	hydrophobic
NSP15a-VAL173	NSP15a	173	VAL	13	244,286,287	3	0.75	0.4297	0	-54.836	23.372	-32.193	hydrophobic
NSP15b-HIS243	NSP15b	243	HIS	13	172	1	0.75	0.4297	0	-49.788	27.838	-34.455	aromatic
NSP15a-GLU42	NSP15a	42	GLU	12	47,269,271	3	0.75	0.4155	0	-62.647	46.191	-11.876	charged_neg
NSP15b-SER244	NSP15b	244	SER	12	172,173	2	0.75	0.4155	0	-51.482	27.381	-31.092	hbond_donor
NSP15b-GLU267	NSP15b	267	GLU	11	14,59,62	3	0.75	0.4011	0	-60.96	39.586	-23.1	charged_neg
NSP15a-VAL10	NSP15a	10	VAL	10	269	1	0.75	0.3867	0	-54.061	38.549	-13.937	hydrophobic
NSP15a-ASN29	NSP15a	29	ASN	10	30,48	2	0.75	0.3867	0	-69.957	44.547	-4.035	hbond_donor
NSP15a-HIS15	NSP15a	15	HIS	9	280,291	2	0.75	0.3724	0	-54.345	34.731	-15.945	aromatic
NSP15b-ASN30	NSP15b	30	ASN	9	29	1	0.75	0.3724	0	-76.245	50.16	-4.938	hbond_donor
NSP15b-LEU346	NSP15b	346	LEU	9	12	1	0.75	0.3724	0	-47.041	45.973	-20.784	hydrophobic
NSP15b-SER242	NSP15b	242	SER	8	172	1	0.75	0.3581	0	-50.947	28.858	-37.952	hbond_donor
NSP15a-TRP59	NSP15a	59	TRP	7	267	1	0.75	0.3437	0	-61.381	31.796	-12.496	aromatic
NSP15a-ARG62	NSP15a	62	ARG	7	267,280	2	0.75	0.3437	0	-59.12	28.213	-15.106	charged_pos
NSP15a-ILE64	NSP15a	64	ILE	7	280,291	2	0.75	0.3437	0	-56.846	27.968	-20.868	hydrophobic
NSP15b-SER289	NSP15b	289	SER	7	163,164	2	0.75	0.3437	0	-54.802	32.294	-28.799	hbond_donor
NSP15a-ILE28	NSP15a	28	ILE	6	49	1	0.75	0.3293	0	-66.564	45.452	-2.532	hydrophobic
NSP15a-LEU43	NSP15a	43	LEU	6	269,270	2	0.75	0.3293	0	-60.918	42.845	-12.404	hydrophobic
NSP15b-LYS47	NSP15b	47	LYS	6	33,42	2	0.75	0.3293	0	-70.448	50.749	-10.652	charged_pos
NSP15b-ILE97	NSP15b	97	ILE	6	38,39	2	0.75	0.3293	0	-60.621	60.617	-6.631	hydrophobic
NSP15a-VAL36	NSP15a	36	VAL	5	272	1	0.75	0.315	0	-54.078	51.474	-11.201	hydrophobic
NSP15a-GLY38	NSP15a	38	GLY	5	97	1	0.75	0.315	0	-54.604	55.884	-8.045	hydrophobic
NSP15a-GLY170	NSP15a	170	GLY	5	286	1	0.75	0.315	0	-59.427	23.528	-33.967	hydrophobic
NSP15b-THR48	NSP15b	48	THR	5	29,33	2	0.75	0.315	0	-67.818	52.646	-8.629	hbond_donor
NSP15b-PHE241	NSP15b	241	PHE	4	172	1	0.75	0.3006	0	-52.674	32.057	-36.788	aromatic
NSP15b-GLU265	NSP15b	265	GLU	4	166	1	0.75	0.3006	0	-62.899	36.804	-28.621	charged_neg
NSP15b-SER288	NSP15b	288	SER	4	172	1	0.75	0.3006	0	-54.9	30.28	-32.017	hbond_donor
NSP15a-ILE169	NSP15a	169	ILE	3	285,286	2	0.75	0.2863	0	-63.139	22.922	-34.347	hydrophobic
NSP15b-ALA95	NSP15b	95	ALA	3	39	1	0.75	0.2863	0	-61.681	59.754	-13.53	hydrophobic
NSP15b-ASP283	NSP15b	283	ASP	3	168	1	0.75	0.2863	0	-59.43	33.159	-32.596	charged_neg
NSP15a-GLU203	NSP15a	203	GLU	2	263	1	0.75	0.2719	0	-73.14	32.619	-36.268	charged_neg
NSP15b-PRO263	NSP15b	263	PRO	2	203	1	0.75	0.2719	0	-64.825	36.593	-35.488	hydrophobic
NSP15a-SER26	NSP15a	26	SER	1	49	1	0.75	0.2576	0	-59.999	46.2	-2.776	hbond_donor
NSP15a-ASP37	NSP15a	37	ASP	1	347	1	0.75	0.2576	0	-52.357	54.872	-10.928	charged_neg
NSP15b-HIS96	NSP15b	96	HIS	1	39	1	0.75	0.2576	0	-60.294	61.35	-10.346	aromatic
NSP15b-GLN347	NSP15b	347	GLN	1	37	1	0.75	0.2576	0	-46.288	49.303	-19.107	hbond_donor
