residue	chain	position	aa	primary_feature	conservation	composite	cluster	x	y	z
NSP10-HIS80	NSP10	80	HIS	anchor	1.0	0.8759	0	-6.128	11.245	-19.341
NSP10-PHE19	NSP10	19	PHE	aromatic	1.0	1.0	0	-4.916	5.65	-10.211
NSP14-PHE8	NSP14	8	PHE	aromatic	1.0	0.8379	0	-10.684	5.029	-22.816
NSP14-THR25	NSP14	25	THR	hbond_donor	1.0	0.8379	0	-3.306	6.855	-29.791
NSP10-THR5	NSP10	5	THR	hbond_donor	1.0	0.8103	0	-9.064	4.146	-28.62
NSP10-ASN40	NSP10	40	ASN	hbond_donor	1.0	0.8069	0	-0.143	2.111	-29.773
NSP14-ILE201	NSP14	201	ILE	hydrophobic	1.0	0.7966	0	-2.729	4.311	-4.974
NSP10-LYS93	NSP10	93	LYS	charged_pos	1.0	0.7931	0	0.081	17.9	-27.422
NSP14-LYS9	NSP14	9	LYS	charged_pos	1.0	0.7793	0	-13.209	4.518	-25.63
NSP10-VAL21	NSP10	21	VAL	hydrophobic	1.0	0.763	0	-0.601	9.58	-6.83
NSP14-THR21	NSP14	21	THR	hbond_donor	0.6	0.7524	0	-0.493	15.807	-33.073
NSP14-CYS39	NSP14	39	CYS	hbond_donor	1.0	0.7346	0	0.523	8.222	-39.997
NSP14-ASP41	NSP14	41	ASP	charged_neg	1.0	0.7063	0	1.415	14.964	-41.65
NSP10-GLU6	NSP10	6	GLU	charged_neg	1.0	0.6874	0	-6.722	1.57	-27.087
NSP10-MET44	NSP10	44	MET	hydrophobic	1.0	0.6874	0	4.838	9.19	-38.457
NSP14-THR5	NSP14	5	THR	hbond_donor	0.6	0.6628	0	-10.421	-2.634	-25.698
NSP10-TYR96	NSP10	96	TYR	aromatic	0.4	0.6372	0	5.331	16.392	-33.25
NSP10-GLY94	NSP10	94	GLY	hydrophobic	1.0	0.6307	0	-0.372	19.658	-30.745
NSP10-PHE16	NSP10	16	PHE	aromatic	0.4	0.6303	0	-2.053	1.432	-12.852
NSP10-LEU45	NSP10	45	LEU	hydrophobic	1.0	0.6212	0	5.885	8.261	-41.956
NSP14-PHE60	NSP14	60	PHE	aromatic	1.0	0.6212	0	-9.988	-0.805	-15.9
NSP14-LYS200	NSP14	200	LYS	charged_pos	1.0	0.6212	0	-5.347	7.052	-5.267
NSP14-LEU27	NSP14	27	LEU	hydrophobic	0.8	0.6085	0	-6.345	4.105	-33.325
NSP14-PRO20	NSP14	20	PRO	hydrophobic	1.0	0.5929	0	-1.761	13.288	-35.639
NSP14-ASN129	NSP14	129	ASN	hbond_donor	0.4	0.5924	0	-4.786	21.231	-23.979
NSP10-PHE89	NSP10	89	PHE	aromatic	0.6	0.5863	0	-1.361	22.136	-20.246
NSP14-TYR69	NSP14	69	TYR	aromatic	0.6	0.5768	0	2.83	-1.463	-4.606
NSP10-VAL42	NSP10	42	VAL	hydrophobic	0.8	0.5707	0	1.191	7.655	-33.432
NSP10-SER15	NSP10	15	SER	hbond_donor	0.6	0.5674	0	-5.022	1.498	-15.231
NSP14-PRO24	NSP14	24	PRO	hydrophobic	0.6	0.5579	0	-3.526	10.078	-27.836
NSP10-ARG78	NSP10	78	ARG	charged_pos	1.0	0.5551	0	-2.161	8.859	-22.532
NSP14-HIS26	NSP14	26	HIS	aromatic	0.4	0.5546	0	-2.832	5.555	-33.324
NSP14-ASP10	NSP14	10	ASP	charged_neg	0.8	0.5518	0	-13.8	7.785	-27.469
NSP10-LYS43	NSP10	43	LYS	charged_pos	1.0	0.5457	0	4.342	6.98	-35.435
NSP10-ALA71	NSP10	71	ALA	hydrophobic	1.0	0.5457	0	0.152	13.626	-27.302
NSP14-VAL66	NSP14	66	VAL	hydrophobic	0.6	0.5107	0	5.136	-3.914	-9.103
NSP10-ASN3	NSP10	3	ASN	hbond_donor	0.4	0.5074	0	-14.954	4.306	-30.983
NSP10-ALA1	NSP10	1	ALA	hydrophobic	1.0	0.4984	0	-21.456	2.44	-29.286
NSP10-SER72	NSP10	72	SER	hbond_donor	1.0	0.4984	0	0.776	9.93	-27.97
NSP10-THR12	NSP10	12	THR	hbond_donor	0.4	0.4885	0	-2.706	-2.768	-17.024
NSP14-VAL4	NSP14	4	VAL	hydrophobic	0.8	0.4857	0	-9.379	-3.299	-29.29
NSP14-LYS61	NSP14	61	LYS	charged_pos	0.6	0.4823	0	-7.737	-3.768	-15.111
NSP10-SER11	NSP10	11	SER	hbond_donor	1.0	0.4795	0	-4.779	-1.977	-20.103
NSP14-LEU38	NSP14	38	LEU	hydrophobic	0.667	0.4741	0	1.608	4.58	-40.128
NSP10-GLY2	NSP10	2	GLY	hydrophobic	1.0	0.4701	0	-18.455	4.754	-29.598
NSP10-LYS95	NSP10	95	LYS	charged_pos	1.0	0.4701	0	3.283	19.187	-31.722
NSP14-ALA23	NSP14	23	ALA	hydrophobic	1.0	0.4701	0	-4.559	12.165	-30.856
NSP14-ILE55	NSP14	55	ILE	hydrophobic	1.0	0.4606	0	-13.291	9.393	-22.616
NSP10-CYS41	NSP10	41	CYS	hbond_donor	1.0	0.4512	0	1.481	5.527	-30.288
NSP14-LEU7	NSP14	7	LEU	hydrophobic	1.0	0.4512	0	-11.075	1.348	-21.856
NSP10-PRO8	NSP10	8	PRO	hydrophobic	0.4	0.4507	0	-5.524	-4.598	-24.526
NSP14-LYS196	NSP14	196	LYS	charged_pos	0.4	0.4507	0	-11.204	6.379	-10.173
NSP14-TYR64	NSP14	64	TYR	aromatic	0.4	0.4412	0	-0.231	-4.728	-12.057
NSP14-ASN130	NSP14	130	ASN	hbond_donor	0.6	0.4351	0	-5.508	18.675	-21.244
NSP10-ASP29	NSP10	29	ASP	charged_neg	0.8	0.429	0	8.646	1.543	-11.304
NSP10-LEU14	NSP10	14	LEU	hydrophobic	1.0	0.4134	0	-2.748	2.701	-18.032
NSP10-GLY69	NSP10	69	GLY	hydrophobic	1.0	0.4134	0	2.456	12.697	-32.522
NSP10-ALA20	NSP10	20	ALA	hydrophobic	0.6	0.3973	0	-1.421	6.672	-9.091
NSP10-HIS83	NSP10	83	HIS	aromatic	1.0	0.3945	0	-0.562	17.501	-15.977
NSP10-GLY88	NSP10	88	GLY	hydrophobic	1.0	0.3945	0	-2.023	22.282	-16.497
NSP10-ALA4	NSP10	4	ALA	hydrophobic	0.4	0.394	0	-12.274	2.257	-29.248
NSP14-THR131	NSP14	131	THR	hbond_donor	0.4	0.394	0	-8.157	16.355	-19.835
NSP14-VAL199	NSP14	199	VAL	hydrophobic	0.8	0.3817	0	-9.093	6.593	-4.933
NSP14-ASN63	NSP14	63	ASN	hbond_donor	0.6	0.3784	0	-3.447	-6.729	-12.396
NSP10-GLY70	NSP10	70	GLY	hydrophobic	1.0	0.3661	0	3.242	14.53	-29.316
NSP14-SER28	NSP14	28	SER	hbond_donor	1.0	0.3661	0	-7.864	7.55	-32.747
NSP14-THR127	NSP14	127	THR	hbond_donor	1.0	0.3661	0	-9.608	18.989	-24.994
NSP14-LEU192	NSP14	192	LEU	hydrophobic	1.0	0.3661	0	-13.926	-0.019	-9.939
NSP10-CYS90	NSP10	90	CYS	hbond_donor	1.0	0.3567	0	0.67	19.681	-22.264
NSP14-TYR51	NSP14	51	TYR	aromatic	1.0	0.3567	0	-13.173	20.063	-29.127
NSP14-GLY102	NSP14	102	GLY	hydrophobic	1.0	0.3567	0	-21.567	4.879	-24.857
NSP10-VAL7	NSP10	7	VAL	hydrophobic	0.4	0.3562	0	-5.44	-2.008	-27.368
NSP14-TYR237	NSP14	237	TYR	aromatic	1.0	0.3472	0	-5.445	5.647	-0.398
NSP14-MET195	NSP14	195	MET	hydrophobic	0.8	0.3345	0	-13.137	4.359	-7.584
NSP14-ASP126	NSP14	126	ASP	charged_neg	0.6	0.3312	0	-10.324	15.482	-23.682
NSP14-VAL40	NSP14	40	VAL	hydrophobic	0.6	0.3217	0	1.331	11.203	-42.178
NSP10-CYS77	NSP10	77	CYS	hbond_donor	1.0	0.3189	0	-2.341	12.649	-22.257
NSP14-THR35	NSP14	35	THR	hbond_donor	1.0	0.3189	0	-1.208	4.861	-44.841
NSP14-GLY59	NSP14	59	GLY	hydrophobic	1.0	0.3189	0	-12.727	-1.407	-18.49
NSP10-SER33	NSP10	33	SER	hbond_donor	0.4	0.3184	0	9.342	-4.522	-12.688
NSP14-GLN22	NSP14	22	GLN	hbond_donor	0.4	0.3184	0	-3.625	15.853	-30.913
NSP10-ALA18	NSP10	18	ALA	hydrophobic	0.6	0.3123	0	-4.59	6.33	-13.977
NSP10-TYR76	NSP10	76	TYR	aromatic	1.0	0.3094	0	-0.648	12.377	-18.863
NSP14-CYS11	NSP14	11	CYS	hbond_donor	1.0	0.3094	0	-17.474	8.532	-26.812
NSP14-GLY202	NSP14	202	GLY	hydrophobic	1.0	0.3094	0	0.996	4.023	-4.426
NSP14-MET62	NSP14	62	MET	hydrophobic	0.4	0.309	0	-5.86	-3.86	-11.795
NSP10-ALA26	NSP10	26	ALA	hydrophobic	0.8	0.2967	0	4.463	4.497	-11.192
NSP10-ILE81	NSP10	81	ILE	hydrophobic	0.6	0.2934	0	-4.96	12.657	-16.007
NSP14-ASN3	NSP14	3	ASN	hbond_donor	0.4	0.2901	0	-7.536	-5.939	-31.29
NSP10-LYS25	NSP10	25	LYS	charged_pos	0.6	0.2839	0	6.987	7.294	-10.709
NSP10-CYS79	NSP10	79	CYS	hbond_donor	0.6	0.2839	0	-3.815	8.189	-19.14
NSP14-PHE217	NSP14	217	PHE	aromatic	0.6	0.2839	0	-4.779	11.123	0.816
NSP10-PRO59	NSP10	59	PRO	hydrophobic	0.6	0.2745	0	7.705	16.07	-38.305
NSP14-VAL101	NSP14	101	VAL	hydrophobic	0.6	0.2556	0	-22.917	8.256	-25.884
NSP14-LYS47	NSP14	47	LYS	charged_pos	0.4	0.2428	0	-5.57	20.604	-36.007
NSP14-PRO128	NSP14	128	PRO	hydrophobic	0.4	0.2428	0	-6.838	20.546	-27.139
NSP14-TYR224	NSP14	224	TYR	aromatic	0.6	0.2367	0	-1.377	11.035	4.002
NSP10-THR58	NSP10	58	THR	hbond_donor	0.6	0.2272	0	5.914	19.428	-38.432
NSP14-ASN67	NSP14	67	ASN	hbond_donor	0.6	0.2178	0	7.43	-4.271	-6.1
NSP14-MET72	NSP14	72	MET	hydrophobic	0.6	0.2178	0	-6.211	-3.913	-4.545
NSP14-VAL29	NSP14	29	VAL	hydrophobic	0.6	0.2083	0	-6.168	9.276	-35.687
NSP10-VAL57	NSP10	57	VAL	hydrophobic	0.6	0.1989	0	5.306	21.895	-35.576
NSP14-PRO203	NSP14	203	PRO	hydrophobic	0.6	0.1989	0	3.515	2.326	-2.175
NSP10-TYR30	NSP10	30	TYR	aromatic	0.4	0.1956	0	6.384	-0.461	-13.619
NSP14-HIS19	NSP14	19	HIS	aromatic	0.4	0.1767	0	-5.05	15.23	-35.908
NSP14-GLN65	NSP14	65	GLN	hbond_donor	0.4	0.1672	0	2.583	-6.517	-10.216
NSP14-GLU36	NSP14	36	GLU	charged_neg	0.4	0.1578	0	1.201	1.91	-44.796
NSP14-TYR124	NSP14	124	TYR	aromatic	0.4	0.1578	0	-13.246	12.918	-18.183
NSP14-MET57	NSP14	57	MET	hydrophobic	0.4	0.1483	0	-13.412	5.081	-17.728
NSP10-ASP82	NSP10	82	ASP	charged_neg	0.4	0.1294	0	-3.784	16.017	-14.667
NSP10-LYS87	NSP10	87	LYS	charged_pos	0.4	0.1294	0	-1.76	26.006	-15.773
NSP10-LEU92	NSP10	92	LEU	hydrophobic	0.4	0.1294	0	3.728	17.963	-26.333
NSP14-ARG205	NSP14	205	ARG	charged_pos	0.4	0.1294	0	2.762	5.059	3.459
NSP14-VAL14	NSP14	14	VAL	hydrophobic	0.2	0.0694	-1	-17.97	13.578	-34.177
