residue	chain	position	aa	primary_feature	conservation	cons_tier	composite	e1_cluster0	e2_chain1	e3_cons_high	e4_composite	e5_identical	e6_druggable	evidence_score	decision
NSP13a-LYS414	NSP13a	414	LYS	anchor	0.75		0.8221	1	1	0	1	0	1	4	ANCHOR
NSP13a-ILE480	NSP13a	480	ILE	hydrophobic	0.75		0.9861	1	1	0	1	0	1	4	INCLUDE
NSP13a-HIS482	NSP13a	482	HIS	aromatic	0.75		0.9861	1	1	0	1	0	1	4	INCLUDE
NSP13a-ASP580	NSP13a	580	ASP	charged_neg	0.75		0.9028	1	1	0	1	0	1	4	INCLUDE
NSP13a-LYS477	NSP13a	477	LYS	charged_pos	0.75		0.6741	1	1	0	1	0	1	4	INCLUDE
NSP13a-VAL479	NSP13a	479	VAL	hydrophobic	0.75		0.6201	1	1	0	1	0	1	4	INCLUDE
NSP13b-ILE480	NSP13b	480	ILE	hydrophobic	0.75		1.0	1	0	0	1	0	1	3	INCLUDE
NSP13b-HIS482	NSP13b	482	HIS	aromatic	0.75		0.9861	1	0	0	1	0	1	3	INCLUDE
NSP13b-LYS414	NSP13b	414	LYS	charged_pos	0.75		0.9651	1	0	0	1	0	1	3	INCLUDE
NSP13b-THR413	NSP13b	413	THR	hbond_donor	0.75		0.8086	1	0	0	1	0	1	3	INCLUDE
NSP13b-ASP580	NSP13b	580	ASP	charged_neg	0.75		0.6875	1	0	0	1	0	1	3	INCLUDE
NSP13b-VAL479	NSP13b	479	VAL	hydrophobic	0.75		0.647	1	0	0	1	0	1	3	INCLUDE
NSP13b-LYS477	NSP13b	477	LYS	charged_pos	0.75		0.6067	1	0	0	1	0	1	3	INCLUDE
NSP13a-GLU551	NSP13a	551	GLU	charged_neg	0.75		0.5663	1	1	0	0	0	1	3	INCLUDE
NSP13a-GLY478	NSP13a	478	GLY	hydrophobic	0.75		0.5259	1	1	0	0	0	1	3	INCLUDE
NSP13a-ASP583	NSP13a	583	ASP	charged_neg	0.75		0.5259	1	1	0	0	0	1	3	INCLUDE
NSP13a-ARG579	NSP13a	579	ARG	charged_pos	0.75		0.5124	1	1	0	0	0	1	3	INCLUDE
NSP13b-GLU551	NSP13b	551	GLU	charged_neg	0.75		0.5798	1	0	0	0	0	1	2	INCLUDE
NSP13b-GLY478	NSP13b	478	GLY	hydrophobic	0.75		0.5529	1	0	0	0	0	1	2	INCLUDE
NSP13a-THR481	NSP13a	481	THR	hbond_donor	0.75		0.499	1	1	0	0	0	1	3	SECONDARY
NSP13a-THR552	NSP13a	552	THR	hbond_donor	0.75		0.499	1	1	0	0	0	1	3	SECONDARY
NSP13a-LYS584	NSP13a	584	LYS	charged_pos	0.75		0.4855	1	1	0	0	0	1	3	SECONDARY
NSP13a-THR413	NSP13a	413	THR	hbond_donor	0.75		0.4183	1	1	0	0	0	1	3	SECONDARY
NSP13b-THR481	NSP13b	481	THR	hbond_donor	0.75		0.4855	1	0	0	0	0	1	2	SECONDARY
NSP13b-THR552	NSP13b	552	THR	hbond_donor	0.75		0.4855	1	0	0	0	0	1	2	SECONDARY
NSP13b-ARG579	NSP13b	579	ARG	charged_pos	0.75		0.4452	1	0	0	0	0	1	2	SECONDARY
NSP13b-ASP583	NSP13b	583	ASP	charged_neg	0.75		0.4183	1	0	0	0	0	1	2	SECONDARY
NSP13b-GLY415	NSP13b	415	GLY	hydrophobic	0.75		0.3644	1	0	0	0	0	1	2	SECONDARY
NSP13a-ASN116	NSP13a	116	ASN	hbond_donor	0.75		0.2837	1	1	0	0	0	1	3	EXCLUDE
NSP13a-GLY415	NSP13a	415	GLY	hydrophobic	0.75		0.2837	1	1	0	0	0	1	3	EXCLUDE
NSP13a-ALA553	NSP13a	553	ALA	hydrophobic	0.75		0.2568	1	1	0	0	0	1	3	EXCLUDE
NSP13b-ALA553	NSP13b	553	ALA	hydrophobic	0.75		0.2568	1	0	0	0	0	1	2	EXCLUDE
NSP13b-LYS584	NSP13b	584	LYS	charged_pos	0.75		0.2568	1	0	0	0	0	1	2	EXCLUDE
