chain_a	res_a	chain_b	res_b	distance
A	ALA93	B	PHE101	3.71
A	GLU96	B	PHE101	3.87
A	GLU96	B	TYR105	2.86
A	PHE97	B	LEU94	4.36
A	PHE97	B	ILE97	3.49
A	PHE97	B	GLY98	3.64
A	PHE97	B	PHE101	3.8
A	TYR101	B	ILE97	3.7
A	TYR101	B	GLU100	3.4
A	TYR101	B	PHE101	3.57
A	ALA104	B	GLU93	4.29
A	ALA104	B	ARG96	3.81
A	ALA104	B	ILE97	3.74
A	PHE105	B	LEU94	4.09
A	PHE105	B	ILE97	4.15
A	ASP107	B	TRP89	4.37
A	LEU108	B	TRP89	3.8
A	LEU108	B	ILE90	3.81
A	LEU108	B	GLU93	3.95
A	LEU108	B	LEU94	3.56
A	LEU108	B	ILE97	4.2
A	SER110	B	MET84	4.49
A	GLN111	B	MET84	3.16
A	GLN111	B	ARG85	2.7
A	GLN111	B	TRP89	3.77
A	GLN111	B	ILE90	3.77
A	LEU112	B	MET84	3.5
A	LEU112	B	ILE90	3.93
A	HIS113	B	MET84	3.68
A	HIS113	B	GLU87	4.44
A	SER122	B	GLU87	2.72
A	GLN125	B	GLU87	3.78
A	GLN125	B	ILE88	3.76
A	GLN125	B	ALA91	4.85
A	VAL126	B	GLU87	3.93
A	VAL126	B	ILE90	4.66
A	VAL126	B	ALA91	3.66
A	VAL126	B	LEU94	3.97
A	GLU129	B	ILE88	3.4
A	GLU129	B	ALA91	3.57
A	GLU129	B	GLN92	4.34
A	GLU129	B	ARG95	2.78
A	LEU130	B	ALA91	4.47
A	LEU130	B	LEU94	3.95
A	LEU130	B	ARG95	3.37
A	ARG132	B	ARG95	4.42
A	ASP133	B	ARG95	4.01
A	ASN136	B	GLY98	4.28
A	ASN136	B	ASP99	3.01
A	ASN136	B	ASN102	3.23
A	TRP137	B	ASN102	3.49
A	GLY138	B	GLY98	3.33
A	GLY138	B	PHE101	4.12
A	GLY138	B	ASN102	3.29
A	ARG139	B	ARG95	3.61
A	ARG139	B	GLY98	3.97
A	ARG139	B	ASP99	2.71
A	ARG139	B	ASN102	4.97
A	VAL141	B	PHE101	4.08
A	ALA142	B	LEU94	3.82
A	ALA142	B	GLY98	4.2
A	PHE146	B	ILE90	4.59
A	PHE146	B	LEU94	3.74
A	LEU194	B	TYR105	3.57
A	LEU194	B	ALA106	4.28
