residue	chain	resnum	resname	primary_feature	conservation	composite	decision	element
NSP8-ARG96	NSP8			charged_pos	0.6	1.0	INCLUDE	E1
NSP7-MET75	NSP7			hydrophobic	0.75	0.9256	INCLUDE	E2
NSP8-LEU98	NSP8			hydrophobic	1.0	0.9168	INCLUDE	E1
NSP8-PHE92	NSP8			anchor	0.8	0.8999	ANCHOR	E1
NSP7-SER57	NSP7			hbond_donor	1.0	0.8144	INCLUDE	E2
NSP8-MET94	NSP8			hydrophobic	1.0	0.7505	INCLUDE	E1
NSP8-ARG111	NSP8			charged_pos	1.0	0.7377	INCLUDE	E1
NSP8-GLN88	NSP8			hbond_donor	0.6	0.7293	INCLUDE	E1
NSP7-LEU71	NSP7			hydrophobic	0.6	0.7165	INCLUDE	E2
NSP8-PRO116	NSP8			hydrophobic	0.8	0.7078	INCLUDE	E3
NSP7-PHE49	NSP7			aromatic	0.6	0.6909	INCLUDE	E2
NSP7-SER54	NSP7			hbond_donor	0.6	0.6909	INCLUDE	E2
NSP7-THR9	NSP7			hbond_donor	0.75	0.6781	INCLUDE	E2
NSP7-LEU60	NSP7			hydrophobic	0.6	0.6269	INCLUDE	E2
NSP7-ARG79	NSP7			charged_pos	0.75	0.6268	INCLUDE	E2
NSP8-ILE119	NSP8			hydrophobic	0.6	0.6141	INCLUDE	E3
