residue	chain	position	aa	contact_score	partners	n_partners	conservation	composite	is_anchor	ca_x	ca_y	ca_z
NSP12-LYS332	NSP12	332	LYS	30	99,103,104,107,113	5	0.6	0.5081	1	95.339	131.523	109.793
NSP12-LEU387	NSP12	387	LEU	81	121,122,125,127,128,129,149,150,154,190	10	1.0	1.0	0	107.632	117.602	117.349
NSP8-ARG80	NSP8	80	ARG	67	368,518,519,520,523	5	1.0	0.9309	0	73.291	117.428	119.314
NSP12-PHE368	NSP12	368	PHE	57	80,83,84,87	4	1.0	0.8815	0	77.772	122.328	113.252
NSP12-LEU389	NSP12	389	LEU	69	128,129,130,131,141,149	6	0.8	0.8807	0	111.457	112.013	115.999
NSP12-VAL330	NSP12	330	VAL	54	113,114,115,116,117,120	6	1.0	0.8667	0	97.296	125.726	106.25
NSP8-PRO116	NSP8	116	PRO	51	270,271,272,273,324,325,328,329,330	9	0.8	0.7919	0	102.703	123.331	104.504
NSP8-LYS127	NSP8	127	LYS	44	386,387,403	3	1.0	0.7813	0	109.154	120.343	122.871
NSP12-TYR273	NSP12	273	TYR	43	112,114,115,116	4	1.0	0.7703	0	105.088	124.386	98.546
NSP8-MET129	NSP8	129	MET	56	386,387,388,389,390,400,402,403,404,405	10	0.6	0.7565	0	110.041	113.697	121.683
NSP8-MET87	NSP8	87	MET	47	368,371,372,375,506,509,515	7	0.8	0.7541	0	83.761	119.867	119.731
NSP8-ASN118	NSP8	118	ASN	46	323,324,326,328,396,398,666,675	8	0.8	0.7432	0	104.372	119.4	108.04
NSP8-LEU117	NSP8	117	LEU	64	328,329,330,378,379,382,383,666	8	0.4	0.736	0	101.343	121.681	107.638
NSP8-VAL115	NSP8	115	VAL	45	271,273,328,329,330	5	0.8	0.7322	0	102.385	127.144	104.477
NSP12-ASN386	NSP12	386	ASN	39	121,125,127,129	4	1.0	0.7266	0	104.988	118.348	119.952
NSP8-VAL131	NSP8	131	VAL	57	388,389,390,391,392,405	6	0.4	0.7015	0	111.869	107.412	120.447
NSP8-CYS114	NSP8	114	CYS	47	271,273,329,330,331,344	6	0.6	0.6941	0	99.839	129.666	103.191
NSP8-LEU91	NSP8	91	LEU	34	340,366,371,374,375,380	6	1.0	0.6719	0	88.81	123.363	119.424
NSP12-TRP509	NSP12	509	TRP	43	83,86,87,90	4	0.6	0.6503	0	82.776	111.49	122.234
NSP12-LEU371	NSP12	371	LEU	37	84,87,88,91	4	0.8	0.6447	0	82.655	122.35	113.69
NSP12-ARG392	NSP12	392	ARG	31	131,133,183	3	1.0	0.6391	0	111.624	102.878	115.221
NSP12-SER518	NSP12	518	SER	30	79,80,83	3	1.0	0.6281	0	72.71	114.739	115.207
NSP8-ILE119	NSP8	119	ILE	29	270,271,324	3	1.0	0.6172	0	106.701	122.325	108.804
NSP8-TYR149	NSP8	149	TYR	29	387,388,389	3	1.0	0.6172	0	117.939	118.283	115.164
NSP12-THR324	NSP12	324	THR	28	116,118,119,122	4	1.0	0.6063	0	107.933	118.299	104.121
NSP12-LEU329	NSP12	329	LEU	28	114,115,116,117	4	1.0	0.6063	0	98.319	123.568	103.307
NSP12-LEU270	NSP12	270	LEU	26	116,119,122,123	4	1.0	0.5844	0	110.704	125.11	104.258
NSP12-PHE407	NSP12	407	PHE	25	161,162,183,185	4	1.0	0.5735	0	102.637	100.42	123.629
NSP8-PRO121	NSP8	121	PRO	30	382,385,386,387,398,399	6	0.8	0.5681	0	105.607	121.635	114.453
NSP12-LYS391	NSP12	391	LYS	35	130,131,132,133,137,141	6	0.6	0.5628	0	113.573	106.157	115.077
NSP8-LEU128	NSP8	128	LEU	33	387,388,389	3	0.6	0.541	0	110.712	117.393	120.936
NSP12-LEU388	NSP12	388	LEU	22	128,129,131,149	4	1.0	0.5406	0	108.28	113.869	117.017
NSP8-PHE92	NSP8	92	PHE	21	335,336,338,340	4	1.0	0.5297	0	89.148	126.314	121.807
NSP8-MET94	NSP8	94	MET	31	380,381,384	3	0.6	0.5191	0	93.861	123.487	121.745
NSP12-ASP390	NSP12	390	ASP	20	129,131	2	1.0	0.5188	0	110.545	108.315	115.909
NSP12-LEU271	NSP12	271	LEU	36	106,109,110,114,115,116,119	7	0.4	0.5138	0	107.76	127.359	103.358
NSP12-SER384	NSP12	384	SER	18	94,97,98	3	1.0	0.4969	0	99.064	121.858	118.811
NSP8-ALA162	NSP8	162	ALA	18	407	1	1.0	0.4969	0	108.954	101.528	127.443
NSP8-LEU98	NSP8	98	LEU	23	341,380,383,384	4	0.8	0.4916	0	98.642	128.153	119.09
NSP8-VAL130	NSP8	130	VAL	23	389,391	2	0.8	0.4916	0	112.609	111.151	120.48
NSP8-MET90	NSP8	90	MET	22	375,381,505,508,509	5	0.8	0.4806	0	88.201	120.902	122.265
NSP12-PRO339	NSP12	339	PRO	16	95,99	2	1.0	0.475	0	92.644	132.812	115.406
NSP8-ASP112	NSP8	112	ASP	16	273,331	2	1.0	0.475	0	100.748	134.189	100.254
NSP8-VAL83	NSP8	83	VAL	21	368,509,514,515,518	5	0.8	0.4697	0	78.538	117.12	120.923
NSP8-PRO133	NSP8	133	PRO	20	391,392	2	0.8	0.4588	0	114.967	101.539	119.638
NSP12-ARG331	NSP12	331	ARG	25	107,112,113,114	4	0.6	0.4535	0	96.282	129.337	106.834
NSP8-GLY113	NSP8	113	GLY	14	330,331,332	3	1.0	0.4531	0	100.279	133.378	103.952
NSP12-ALA379	NSP12	379	ALA	13	117	1	1.0	0.4422	0	95.759	121.154	110.995
NSP12-ALA383	NSP12	383	ALA	13	98,117,120	3	1.0	0.4422	0	99.802	122.481	115.123
NSP12-PRO328	NSP12	328	PRO	29	115,116,117,118	4	0.4	0.4372	0	97.726	119.859	103.866
NSP8-THR84	NSP8	84	THR	18	368,371	2	0.8	0.4369	0	78.499	120.738	119.71
NSP12-MET380	NSP12	380	MET	23	91,94,95,98	4	0.6	0.4316	0	94.676	121.879	114.576
NSP8-PRO183	NSP8	183	PRO	12	392,407,447	3	1.0	0.4313	0	112.586	101.738	123.362
NSP12-ALA375	NSP12	375	ALA	10	87,90,91	3	1.0	0.4094	0	87.471	118.777	114.091
NSP12-VAL405	NSP12	405	VAL	10	129,131,185	3	1.0	0.4094	0	103.953	106.916	123.691
NSP12-PHE340	NSP12	340	PHE	26	91,92,95	3	0.4	0.4044	0	92.298	129.22	114.193
NSP12-VAL338	NSP12	338	VAL	9	92,95	2	1.0	0.3984	0	89.888	134.28	117.644
NSP8-ILE107	NSP8	107	ILE	9	331,332	2	1.0	0.3984	0	102.994	132.534	108.491
NSP8-LEU95	NSP8	95	LEU	19	338,339,340,380	4	0.6	0.3878	0	94.538	127.215	121.207
NSP12-TYR374	NSP12	374	TYR	8	91	1	1.0	0.3875	0	87.561	121.675	111.63
NSP12-VAL398	NSP12	398	VAL	8	118,121	2	1.0	0.3875	0	104.442	114.617	111.897
NSP8-LYS79	NSP8	79	LYS	8	514,518	2	1.0	0.3875	0	73.15	114.798	122.078
NSP12-PRO378	NSP12	378	PRO	7	117	1	1.0	0.3766	0	94.532	117.53	111.025
NSP8-GLN88	NSP8	88	GLN	7	371	1	1.0	0.3766	0	83.885	123.609	120.396
NSP12-PHE396	NSP12	396	PHE	12	118	1	0.8	0.3713	0	107.791	110.405	108.138
NSP12-LYS272	NSP12	272	LYS	6	111,116	2	1.0	0.3656	0	107.984	126.614	99.619
NSP12-VAL341	NSP12	341	VAL	6	98,103	2	1.0	0.3656	0	94.587	127.253	111.879
NSP8-ASN109	NSP8	109	ASN	6	271	1	1.0	0.3656	0	106.594	136.214	105.706
NSP8-ALA86	NSP8	86	ALA	16	509	1	0.6	0.355	0	82.413	119.038	123.199
NSP12-TYR515	NSP12	515	TYR	5	83,87	2	1.0	0.3547	0	76.742	111.816	114.213
NSP12-MET666	NSP12	666	MET	5	117,118	2	1.0	0.3547	0	97.824	111.065	108.257
NSP8-ILE120	NSP8	120	ILE	5	330,383	2	1.0	0.3547	0	104.567	123.917	111.545
NSP8-ILE132	NSP8	132	ILE	5	391	1	1.0	0.3547	0	115.043	105.331	120.237
NSP8-THR141	NSP8	141	THR	5	389,391	2	1.0	0.3547	0	121.144	110.861	117.794
NSP8-ASP99	NSP8	99	ASP	21	332,339	2	0.4	0.3497	0	98.824	131.862	118.21
NSP12-ASN403	NSP12	403	ASN	10	127,129	2	0.8	0.3494	0	103.32	113.412	126.171
NSP12-ASP336	NSP12	336	ASP	4	92	1	1.0	0.3438	0	84.774	135.282	116.834
NSP12-ASN404	NSP12	404	ASN	4	129,164	2	1.0	0.3438	0	103.559	109.595	126.354
NSP12-ASN447	NSP12	447	ASN	4	182,183	2	1.0	0.3438	0	106.118	96.988	119.559
NSP12-PRO505	NSP12	505	PRO	4	90	1	1.0	0.3438	0	88.856	112.635	117.047
NSP12-ASP523	NSP12	523	ASP	4	80	1	1.0	0.3438	0	73.252	119.145	106.881
NSP12-HIS381	NSP12	381	HIS	14	90,94	2	0.6	0.3331	0	95.996	118.609	116.007
NSP12-PRO323	NSP12	323	PRO	3	118	1	1.0	0.3328	0	108.923	115.491	101.728
NSP12-GLY385	NSP12	385	GLY	3	121,125	2	1.0	0.3328	0	101.328	118.808	119.127
NSP12-THR402	NSP12	402	THR	3	129	1	1.0	0.3328	0	100.433	113.1	123.717
NSP8-LYS97	NSP8	97	LYS	3	384	1	1.0	0.3328	0	99.512	126.517	122.423
NSP8-THR123	NSP8	123	THR	3	270	1	1.0	0.3328	0	109.751	125.072	113.043
NSP8-TRP154	NSP8	154	TRP	3	387	1	1.0	0.3328	0	117.624	120.731	121.968
NSP8-LEU122	NSP8	122	LEU	19	270,324,387	3	0.4	0.3278	0	109.042	121.33	112.858
NSP12-THR344	NSP12	344	THR	2	114	1	1.0	0.3219	0	92.857	125.789	102.728
NSP12-PHE506	NSP12	506	PHE	2	87	1	1.0	0.3219	0	85.159	111.797	116.763
NSP12-MET519	NSP12	519	MET	2	80	1	1.0	0.3219	0	73.01	115.776	111.552
NSP12-ALA382	NSP12	382	ALA	12	117,121	2	0.6	0.3113	0	99.351	118.807	114.22
NSP12-LEU514	NSP12	514	LEU	12	79,83	2	0.6	0.3113	0	75.678	109.991	117.364
NSP12-ASP274	NSP12	274	ASP	1	111	1	1.0	0.3109	0	104.345	125.184	94.897
NSP12-LEU366	NSP12	366	LEU	1	91	1	1.0	0.3109	0	80.762	128.386	113.65
NSP12-SER520	NSP12	520	SER	1	80	1	1.0	0.3109	0	69.809	116.398	109.631
NSP8-ALA150	NSP8	150	ALA	1	387	1	1.0	0.3109	0	115.945	120.091	112.464
NSP8-SER164	NSP8	164	SER	1	404	1	1.0	0.3109	0	107.529	104.913	131.516
NSP8-TRP182	NSP8	182	TRP	1	447	1	1.0	0.3109	0	113.576	99.526	125.194
NSP8-ARG111	NSP8	111	ARG	5	272,274	2	0.8	0.2947	0	104.424	135.078	99.924
NSP12-ALA400	NSP12	400	ALA	4	129	1	0.8	0.2838	0	103.217	113.714	118.944
NSP8-ILE185	NSP8	185	ILE	9	405,407	2	0.6	0.2784	0	111.62	108.065	124.965
NSP8-THR137	NSP8	137	THR	3	391	1	0.8	0.2728	0	120.619	104.778	117.402
NSP12-SER325	NSP12	325	SER	8	116	1	0.6	0.2675	0	106.348	120.306	101.281
NSP12-PHE326	NSP12	326	PHE	7	118	1	0.6	0.2566	0	103.595	117.732	100.681
NSP8-ALA125	NSP8	125	ALA	7	385,386,387	3	0.6	0.2566	0	107.173	123.316	118.533
NSP12-LEU372	NSP12	372	LEU	5	87	1	0.6	0.2347	0	82.774	118.883	112.114
NSP8-ALA110	NSP8	110	ALA	4	271	1	0.6	0.2238	0	105.162	133.573	103.358
NSP8-ILE106	NSP8	106	ILE	9	271	1	0.4	0.2184	0	106.323	131.679	110.11
NSP8-ASN104	NSP8	104	ASN	8	332	1	0.4	0.2075	0	102.928	134.428	113.222
NSP12-ALA399	NSP12	399	ALA	2	121	1	0.6	0.2019	0	103.771	115.329	115.564
NSP12-LYS508	NSP12	508	LYS	2	90	1	0.6	0.2019	0	86.458	110.608	121.71
NSP12-VAL335	NSP12	335	VAL	1	92	1	0.6	0.1909	0	86.302	132.979	114.204
NSP8-ASP161	NSP8	161	ASP	1	407	1	0.6	0.1909	0	111.845	103.545	128.87
NSP8-ARG190	NSP8	190	ARG	1	387	1	0.6	0.1909	0	114.116	123.984	122.197
NSP8-LEU103	NSP8	103	LEU	4	332,341	2	0.4	0.1638	0	103.451	130.826	114.311
NSP12-VAL675	NSP12	675	VAL	3	118	1	0.4	0.1528	0	102.324	110.172	107.003
