residue	chain	position	aa	primary_feature	contact_score	n_partners	conservation	composite	is_anchor	ca_x	ca_y	ca_z
NSP12-ARG733	NSP12	733	ARG	anchor	223	6	1.0	0.8647	1	136.513	165.248	165.871
NSP9-ASN2	NSP9	2	ASN	hbond_donor	337	10	1.0	1.0	0	143.95	165.063	174.874
NSP9-LEU4	NSP9	4	LEU	hydrophobic	271	10	1.0	0.9217	0	138.41	169.227	175.043
NSP9-ASN96	NSP9	96	ASN	hbond_donor	209	7	1.0	0.8481	0	128.813	164.794	172.424
NSP9-LEU97	NSP9	97	LEU	hydrophobic	175	6	1.0	0.8077	0	131.758	167.018	171.49
NSP9-ASN1	NSP9	1	ASN	hbond_donor	158	6	1.0	0.7875	0	147.32	165.417	176.643
NSP12-VAL233	NSP12	233	VAL	hydrophobic	146	4	1.0	0.7733	0	133.476	161.821	174.611
NSP9-ASN95	NSP9	95	ASN	hbond_donor	130	2	1.0	0.7543	0	127.077	164.997	169.06
NSP9-LEU103	NSP9	103	LEU	hydrophobic	129	6	1.0	0.7531	0	128.985	172.988	178.798
NSP9-LEU112	NSP9	112	LEU	hydrophobic	123	4	1.0	0.746	0	127.482	177.279	188.278
NSP9-GLU3	NSP9	3	GLU	charged_neg	158	6	0.8	0.7275	0	141.993	168.213	175.698
NSP12-ARG735	NSP12	735	ARG	charged_pos	105	2	1.0	0.7246	0	131.347	164.607	162.021
NSP12-ASP221	NSP12	221	ASP	charged_neg	101	4	1.0	0.7199	0	142.021	167.251	181.351
NSP12-TYR38	NSP12	38	TYR	aromatic	151	6	0.8	0.7192	0	145.482	166.469	170.792
NSP12-ASP291	NSP12	291	ASP	charged_neg	90	4	1.0	0.7068	0	126.417	158.878	169.777
NSP9-PHE75	NSP9	75	PHE	aromatic	85	3	1.0	0.7009	0	121.688	174.918	186.221
NSP12-VAL231	NSP12	231	VAL	hydrophobic	182	6	0.6	0.696	0	129.404	163.986	178.868
NSP9-GLY100	NSP9	100	GLY	hydrophobic	65	4	1.0	0.6772	0	131.14	169.361	175.822
NSP9-ARG99	NSP9	99	ARG	charged_pos	60	1	1.0	0.6712	0	127.775	169.451	174.082
NSP12-ILE223	NSP12	223	ILE	hydrophobic	102	5	0.8	0.6611	0	136.175	169.492	184.024
NSP12-SER229	NSP12	229	SER	hbond_donor	51	4	1.0	0.6605	0	124.672	165.797	183.477
NSP12-THR225	NSP12	225	THR	hbond_donor	108	4	0.6	0.6082	0	129.542	170.548	185.877
NSP12-ILE37	NSP12	37	ILE	hydrophobic	93	2	0.6	0.5904	0	147.525	163.416	171.774
NSP12-THR226	NSP12	226	THR	hbond_donor	139	4	0.4	0.585	0	126.166	169.997	187.523
NSP12-VAL204	NSP12	204	VAL	hydrophobic	135	4	0.4	0.5802	0	137.728	162.815	176.565
NSP12-VAL202	NSP12	202	VAL	hydrophobic	113	4	0.4	0.5541	0	133.123	166.066	181.176
NSP9-GLY104	NSP9	104	GLY	hydrophobic	34	2	1.0	0.5444	0	132.648	173.839	179.312
NSP12-ASN39	NSP12	39	ASN	hbond_donor	74	3	0.4	0.5078	0	146.502	169.907	172.035
NSP12-ASP36	NSP12	36	ASP	charged_neg	44	2	0.6	0.4962	0	146.97	159.652	171.764
NSP12-THR206	NSP12	206	THR	hbond_donor	59	1	0.4	0.49	0	141.816	158.05	175.463
NSP9-ALA107	NSP9	107	ALA	hydrophobic	25	3	1.0	0.4797	0	130.613	176.503	183.26
NSP12-GLY203	NSP12	203	GLY	hydrophobic	38	1	0.6	0.4531	0	136.228	164.713	179.477
NSP9-CYS73	NSP9	73	CYS	hbond_donor	19	1	1.0	0.4366	0	118.654	170.342	182.561
NSP12-PRO232	NSP12	232	PRO	hydrophobic	18	1	1.0	0.4294	0	132.06	161.343	178.112
NSP9-SER5	NSP9	5	SER	hbond_donor	33	2	0.6	0.4172	0	137.844	171.56	172.124
NSP12-TYR728	NSP12	728	TYR	aromatic	16	1	1.0	0.415	0	143.247	164.411	163.11
NSP12-ASP40	NSP12	40	ASP	charged_neg	12	2	1.0	0.3862	0	146.743	173.212	170.14
NSP12-SER236	NSP12	236	SER	hbond_donor	11	1	1.0	0.3791	0	138.968	158.008	169.148
NSP9-ARG74	NSP9	74	ARG	charged_pos	11	1	1.0	0.3791	0	118.641	172.743	185.507
NSP12-VAL234	NSP12	234	VAL	hydrophobic	9	1	1.0	0.3647	0	134.343	158.431	173.097
NSP12-PHE222	NSP12	222	PHE	aromatic	5	1	1.0	0.3359	0	138.548	166.758	182.861
NSP9-VAL76	NSP9	76	VAL	hydrophobic	3	1	1.0	0.3216	0	122.213	177.449	189.013
NSP9-PRO6	NSP9	6	PRO	hydrophobic	28	3	0.4	0.3212	0	139.262	175.075	172.737
NSP9-PHE90	NSP9	90	PHE	aromatic	2	1	1.0	0.3144	0	120.42	170.931	173.533
NSP12-TYR732	NSP12	732	TYR	aromatic	1	1	1.0	0.3072	0	138.156	161.906	164.994
NSP9-LEU94	NSP9	94	LEU	hydrophobic	1	1	1.0	0.3072	0	123.904	167.049	168.711
NSP12-TYR289	NSP12	289	TYR	aromatic	15	1	0.6	0.2878	0	127.814	155.902	174.846
NSP12-PHE35	NSP12	35	PHE	aromatic	1	1	0.8	0.2472	0	150.116	158.059	173.167
NSP12-GLN224	NSP12	224	GLN	hbond_donor	9	2	0.4	0.1847	0	133.207	169.667	186.389
NSP12-GLY230	NSP12	230	GLY	hydrophobic	4	1	0.4	0.1487	0	128.109	164.637	182.368
NSP12-PRO227	NSP12	227	PRO	hydrophobic	1	1	0.2	0.0672	0	125.775	166.473	188.954
