rank	compound_id	smiles	score_kcal_mol
1	184088512	CC(NC(=O)NC1=NN(C)C2=CC=C(I)C=C21)C1=NNC=C1	-9.24
2	109810528	CC1=CC=C2C(N3CC4CCC(=O)NC4C3)=NC=NC2=C1C	-8.888
3	484981856	O=C1CC2(CCC2)C(C(=O)NC2=CC=CN3C(Br)=CN=C23)CN1	-8.751
4	504921376	CCC[C@@H](NC(N)=O)C(=O)NC1=NN(C2=NC=CC=C2Cl)C=C1	-8.679
5	76153632	CN1C=C2CCN(C(=O)C3=CN=C4NN=C(N)C4=C3)CC2=N1	-8.677
6	36998912	CC1=CC2=C(C=C(C(=O)N3CCNC(=O)CC34CCC4)N2)S1	-8.673
7	229484608	O=C(O)C1=C(CNC(=O)C2=CC=C3C=NC=CC3=C2)C=CN1	-8.66
8	287316000	CC1CC2=CC(C3=CC=C4NN=C(N)C4=C3)=CC(F)=C2CN1	-8.626
9	287315328	CN1C(=O)CCC2=CC(C3=CC=C4NN=C(N)C4=C3)=CC=C21	-8.622
10	12313312	CC1(C)OC(=O)N[C@H]1C(=O)NC1=CC=C2C(Cl)=CC=CC2=N1	-8.621
11	37152736	NC(=O)C1C(=O)NCCN1C(=O)C1=CN2C=C(Br)C=CC2=C1	-8.589
12	77287776	CC1=C(C)N2N=CC(NC(=O)C3CC(=O)NC(=O)C3)=C2C=C1	-8.559
13	49770112	CC1=NOC2=C(NC(=O)C3CC(=O)NC(=N)S3)C=C(F)C=C12	-8.553
14	287315776	CC1=CC(C2=CC=C3NN=C(N)C3=C2)=C2NC=NC(=O)C2=C1	-8.528
15	505270016	CN1CCCC12CCN(C(=O)C1=CC=C3C(=O)NNC3=C1)CC2	-8.517
16	143729440	O=C1CC[C@H](NC(=O)C2=C3C=CC=C(Br)C3=CC=C2)C(=O)N1	-8.515
17	287315520	NC1=NNC2=CC=C(C3=CC4=C(NC=CC4=O)C(F)=C3)C=C21	-8.5
18	484275584	O=C1C=CN(NC(=O)CC2=C3OCOCC3=CC(F)=C2)C(=O)N1	-8.469
19	14233088	CC1(C(=O)NC2=CC=C3C(Br)=CC=C(Cl)C3=N2)CNC(=O)N1	-8.468
20	109946624	N=C1NS(=O)(=O)C2=CC=C(N3CCC4=CN=NN4CC3)C=C12	-8.439
21	36196096	O=C1NC[C@H]2CC[C@@H]1N2C(=O)C1=CN=C2C(F)=CC=CC2=C1	-8.427
22	25018272	O=C1NC=C(NC(=O)C(F)(F)C2=C(F)C(F)=CC=C2)C(=O)N1	-8.412
23	110590912	CC1=CC=CN2C(CNC3=NC4=C(C=NN4)C(N)=N3)=CN=C12	-8.408
24	450653472	CC1=CC(Br)=CC2=C(C(=O)NC3CCC(=O)NC3=O)C=CN=C12	-8.396
25	68241088	CN1C2=CC=C(Br)C=C2N=C1NC(=O)CC1NC(=O)NC1=O	-8.395
26	287360288	NC(=O)C1=CC(C2=CC=CC3=C2CCNC3)=CN=C1C(N)=O	-8.381
27	12805920	CC1=CC2=CC(NC(=O)[C@@H]3CNC(=O)O3)=CC=C2N(C)C1=O	-8.38
28	484276224	O=C1C=CN(NC(=O)C2=CC=C3C=CC(Br)=C(F)C3=N2)C(=O)N1	-8.376
29	184898080	CCC1=C(CNC(=O)NC2=NC(S(C)(=O)=O)=CC=C2)N=NN1	-8.369
30	25016960	O=C(CC1=CC=C2C=CC=CC2=C1)NC1=CNC(=O)NC1=O	-8.361
31	25019328	CC1=CC=C2CCC(C)(C(=O)NC3=CNC(=O)NC3=O)C2=C1	-8.358
32	59102816	CC1=CC(=O)NC2=CC(C(=O)NCC3=C(C)NC=N3)=CC=C12	-8.354
33	408032	CC1=CC=C2NN=C(C=C3C(=O)NC4=CC(O)=CC=C43)C2=C1	-8.323
34	143839328	O=C(NCC1=C(C(F)(F)F)NN=C1)C1=NOC2=C1CCCC2	-8.319
35	552903072	CN1[C@@H]2CC[C@H]1C[C@H](CNC1=NC3=CC(Br)=CC=C3C(N)=N1)C2	-8.317
36	143729888	CC1=CC(C(=O)N[C@H]2CCC(=O)NC2=O)=CC2=CC=CN=C12	-8.31
37	36938176	CC1=CC=C2NC(C(=O)NC(C(N)=O)C(F)(F)F)=CC2=C1F	-8.309
38	25018880	O=C(CC1CCC2=C(C=CS2)C1=O)NC1=CNC(=O)NC1=O	-8.299
39	76071904	O=C(CC1=CNC(=O)NC1=O)NC1=CC=C2C=CN=CC2=C1	-8.298
40	450492864	O=C(C1=CC=CC2=C1C=CN2)N1CCOC2=C(F)C=C(F)C=C21	-8.292
41	239594816	NCCC1=C(C(=O)NC2=CC3=CC=CC=C3C(F)=C2)NC=C1	-8.283
42	25019360	O=C1NC=C(NC(=O)C2=CC=CC3=C2S(=O)(=O)CC3)C(=O)N1	-8.275
43	240936448	COC1=CC=C2OC(C(=O)NCC3(F)CNNC3)=C(C)C2=C1	-8.275
44	35911840	O=C1CCC(CNC(=O)C2=CC=CC3=CC=C(Br)C=C32)CN1	-8.273
45	25018176	O=C(CC1=CC=C2COCCC2=C1)NC1=CNC(=O)NC1=O	-8.266
46	286442624	CN(C)C1=NC2=CC=C(NC(=O)N3C[C@@H]4C[C@H]3CN4)C=C2O1	-8.265
47	287316128	NC1=NNC2=CC=C(C3=C(F)C(F)=CC4=C3CCC4=O)C=C21	-8.265
48	240937824	COC1=CC(C(=O)NCC2(F)CNNC2)=CC2=CC=CN=C21	-8.264
49	50498144	O=C1C[C@H](C(=O)NC2=NC3=CC([N+](=O)[O-])=CC=C3C=C2)CN1	-8.263
50	110097024	NC1=NC(NCC2=CC=C3CCCOC3=N2)=NC2=C1C=NN2	-8.262
